LF_CCF,LF_ASLE,LF_MaxDev,LF_Variance,MF_CCF,MF_ASLE,MF_MaxDev,MF_Variance,HF_CCF,HF_ASLE,HF_MaxDev,HF_Variance,label
0.9996,0.16,0.54,0.0409121323594848,0.9997,0.15,0.53,0.0354967706352575,0.9995,0.15,0.48,0.03715901624690746,Healthy
0.9997,0.16,0.64,0.04017022838931999,0.9997,0.15,0.54,0.0352434889314192,0.9995,0.16,0.63,0.04219016992204253,Healthy
0.9997,0.16,0.6,0.039769631987234995,0.9997,0.16,0.55,0.039568699702456536,0.9994,0.16,0.79,0.04391427918931208,Healthy
0.9997,0.16,0.5,0.039908716074365934,0.9997,0.16,0.65,0.0378246463724521,0.9994,0.18,0.63,0.047557526368869216,Healthy
0.9997,0.15,0.58,0.03574060036810363,0.9996,0.16,0.64,0.042473799458020295,0.9995,0.16,0.62,0.04166418637516469,Healthy
0.9996,0.16,0.57,0.04108824020967957,0.9996,0.16,0.62,0.04357894033182304,0.9994,0.18,0.58,0.04705831191806476,Healthy
0.9997,0.16,0.54,0.04051603577034235,0.9996,0.18,0.71,0.05090010212029497,0.9994,0.17,0.53,0.043674851499788656,Healthy
0.9996,0.17,0.74,0.04536598353588418,0.9997,0.16,0.57,0.039781492501168754,0.9995,0.17,0.48,0.04168948219037407,Healthy
0.9996,0.17,0.52,0.042348584679469545,0.9997,0.14,0.63,0.03364440012230824,0.9996,0.14,0.45,0.03215966814767882,Healthy
0.9996,0.16,0.56,0.041684409145591926,0.9997,0.14,0.78,0.03291059532441831,0.9995,0.16,0.47,0.03910358851483368,Healthy
0.9996,0.16,0.56,0.04116909094689933,0.9997,0.16,0.65,0.03885453932340629,0.9995,0.15,0.59,0.03580473515572943,Healthy
0.9996,0.17,0.59,0.045652861666823794,0.9997,0.15,0.61,0.03808341155527609,0.9994,0.17,0.6,0.04959282276395792,Healthy
0.9997,0.15,0.66,0.03569243330752869,0.9996,0.16,0.56,0.041613683356995904,0.9994,0.18,0.57,0.045788364240647125,Healthy
0.9996,0.18,0.62,0.04725704319139606,0.9997,0.15,0.52,0.039587316023742145,0.9994,0.17,0.66,0.04805763194347985,Healthy
0.9996,0.17,0.67,0.04623986042667008,0.9997,0.15,0.56,0.03436048122497979,0.9995,0.15,0.63,0.0403025449748037,Healthy
0.9996,0.16,0.66,0.04526090921523044,0.9996,0.17,0.9,0.04662138918690518,0.9996,0.16,0.55,0.03560344904818717,Healthy
0.9996,0.16,0.52,0.041183207011940275,0.9997,0.16,0.49,0.03735283543781521,0.9995,0.15,0.6,0.03643743169304933,Healthy
0.9996,0.16,0.58,0.04085041687446148,0.9997,0.16,0.55,0.04127509295924774,0.9995,0.16,0.6,0.037607547035597405,Healthy
0.9997,0.15,0.59,0.03739945335044209,0.9996,0.18,0.79,0.045270381113960007,0.9997,0.14,0.48,0.029908483606359913,Healthy
0.9997,0.15,0.77,0.03783533813039622,0.9997,0.16,0.67,0.0408153877168273,0.9995,0.17,0.58,0.04263102200495966,Healthy
0.9997,0.16,0.49,0.03841524082264244,0.9996,0.17,0.57,0.04260227512011123,0.9995,0.15,0.59,0.03655944795299927,Healthy
0.9997,0.16,0.72,0.04062307287279397,0.9997,0.15,0.48,0.035016821058977986,0.9996,0.14,0.44,0.030154861295973317,Healthy
0.9997,0.16,0.59,0.041753911128985674,0.9996,0.17,0.53,0.04354811662690605,0.9996,0.15,0.49,0.03496984684875574,Healthy
0.9997,0.14,0.43,0.030352242184756104,0.9997,0.15,0.48,0.03447746929065555,0.9996,0.15,0.45,0.03426579856513841,Healthy
0.9997,0.15,0.7,0.03684438778723111,0.9997,0.14,0.49,0.03242103804240665,0.9995,0.15,0.46,0.037192242441114354,Healthy
0.9997,0.16,0.64,0.03918555721738219,0.9996,0.17,0.61,0.04253605037416586,0.9995,0.16,0.47,0.04000793682243204,Healthy
0.9996,0.16,0.6,0.0424535011894124,0.9997,0.16,0.49,0.03791768043263289,0.9995,0.16,0.63,0.04345006959987513,Healthy
0.9996,0.17,0.59,0.042705549448497755,0.9997,0.16,0.58,0.038612950804274605,0.9995,0.15,0.58,0.036470992864690854,Healthy
0.9996,0.16,0.74,0.04259060309072685,0.9997,0.16,0.69,0.03752813560999348,0.9995,0.16,0.4,0.03684594018229847,Healthy
0.9996,0.16,0.69,0.04331118207433132,0.9997,0.15,0.51,0.03956535850305792,0.9994,0.17,0.52,0.04417170929492868,Healthy
0.9996,0.17,0.67,0.04874471982826656,0.9997,0.15,0.67,0.03726652083230139,0.9995,0.17,0.57,0.04270029687554823,Healthy
0.9997,0.15,0.56,0.036570725746009884,0.9997,0.16,0.62,0.03994886470507203,0.9994,0.17,0.51,0.04384157780907245,Healthy
0.9996,0.17,0.89,0.0460611336685194,0.9996,0.17,0.72,0.042085810991056384,0.9994,0.17,0.67,0.04753571977750539,Healthy
0.9996,0.18,0.69,0.05064604577375784,0.9996,0.17,0.51,0.04282780170372704,0.9995,0.16,0.67,0.042021757074993976,Healthy
0.9996,0.18,0.57,0.049236416385869466,0.9997,0.15,0.63,0.03682549176179685,0.9994,0.17,0.65,0.04586803766449284,Healthy
0.9996,0.16,0.59,0.04207455556912761,0.9997,0.15,0.49,0.03577758330595095,0.9994,0.18,0.6,0.0480355383467384,Healthy
0.9997,0.16,0.54,0.03649990621140755,0.9997,0.15,0.57,0.03699745141784019,0.9994,0.17,0.61,0.04422737827665005,Healthy
0.9997,0.15,0.64,0.03536057582854334,0.9997,0.16,0.52,0.03729685642025427,0.9995,0.16,0.48,0.03733817079920663,Healthy
0.9996,0.18,0.64,0.04783102150530879,0.9997,0.15,0.53,0.03656266785754724,0.9995,0.17,0.49,0.04337182092415558,Healthy
0.9996,0.16,0.69,0.04236694490394238,0.9997,0.14,0.66,0.03186329626342211,0.9995,0.17,0.54,0.042248551541974405,Healthy
0.9997,0.15,0.56,0.037889807757983764,0.9997,0.16,0.56,0.040829955756297116,0.9995,0.16,0.54,0.037145776481028035,Healthy
0.9996,0.18,0.71,0.049495444472516956,0.9997,0.16,0.6,0.03842838036612396,0.9995,0.17,0.52,0.043767204588630884,Healthy
0.9996,0.17,0.64,0.04514561769370645,0.9996,0.17,0.64,0.04426776213705263,0.9995,0.16,0.63,0.040767369104291566,Healthy
0.9996,0.16,0.86,0.0427665841347655,0.9997,0.16,0.52,0.037098538549222224,0.9995,0.17,0.43,0.03933955887061824,Healthy
0.9997,0.15,0.51,0.036235466003527776,0.9997,0.14,0.46,0.033576770434332735,0.9996,0.15,0.56,0.03450794578949575,Healthy
0.9997,0.16,0.52,0.04156277930612825,0.9996,0.16,0.55,0.04234680437238973,0.9995,0.16,0.56,0.03838815547615744,Healthy
0.9996,0.17,0.66,0.04612589011747352,0.9997,0.16,0.53,0.03886548390389887,0.9994,0.17,0.64,0.04731579332673884,Healthy
0.9996,0.17,0.59,0.041359934194809565,0.9997,0.16,0.49,0.03881238555950792,0.9995,0.18,0.55,0.0457066012228763,Healthy
0.9996,0.16,0.58,0.04221808932035467,0.9997,0.16,0.55,0.0409635979685658,0.9994,0.18,0.49,0.045693306923966476,Healthy
0.9997,0.16,0.55,0.03856979588817551,0.9997,0.15,0.62,0.0373667151997125,0.9995,0.15,0.58,0.03696993787302713,Healthy
0.9997,0.16,0.6,0.0403576941384512,0.9997,0.14,0.48,0.03149135815489181,0.9995,0.16,0.52,0.04216752525846763,Healthy
0.9996,0.16,0.58,0.042399652437438005,0.9997,0.15,0.54,0.03781266261425317,0.9995,0.16,0.59,0.0395033796072814,Healthy
0.9997,0.16,0.53,0.03921728138119269,0.9996,0.17,0.75,0.04810019868211872,0.9993,0.18,0.68,0.05314435045230611,Healthy
0.9996,0.17,0.68,0.044250487194420436,0.9997,0.16,0.68,0.04039982750886268,0.9995,0.16,0.47,0.042064320009798324,Healthy
0.9996,0.16,0.66,0.042852824060627105,0.9997,0.16,0.63,0.039009481401087176,0.9995,0.16,0.52,0.041878260943539976,Healthy
0.9997,0.16,0.56,0.039736627619894875,0.9996,0.17,0.53,0.04531070999637527,0.9995,0.15,0.49,0.035133506315412434,Healthy
0.9996,0.16,0.59,0.04141850223705137,0.9996,0.17,0.56,0.04147185314835386,0.9994,0.18,0.67,0.049662881709617766,Healthy
0.9997,0.16,0.54,0.038537615853315686,0.9997,0.16,0.57,0.04064923858021465,0.9996,0.16,0.46,0.036073357081421155,Healthy
0.9997,0.16,0.56,0.037621040849538996,0.9996,0.17,0.54,0.04574853164259182,0.9995,0.16,0.53,0.04222022691250621,Healthy
0.9996,0.16,0.64,0.045262546041096315,0.9996,0.17,0.83,0.043492219004617215,0.9996,0.15,0.53,0.035783123009187054,Healthy
0.9996,0.17,0.58,0.04362252506244084,0.9997,0.16,0.58,0.03762423757367915,0.9995,0.16,0.69,0.03963502354779355,Healthy
0.9996,0.17,0.57,0.04112001355001182,0.9997,0.15,0.61,0.03802657828289937,0.9993,0.19,0.69,0.05548423286130348,Healthy
0.9997,0.15,0.58,0.03945240606502853,0.9997,0.16,0.57,0.04122224731572133,0.9994,0.18,0.52,0.0479354067346705,Healthy
0.9996,0.16,0.57,0.04150122095017995,0.9997,0.16,0.7,0.040908880323276955,0.9995,0.16,0.55,0.03925855811204966,Healthy
0.9996,0.17,0.59,0.04373528267756885,0.9997,0.16,0.51,0.03758507759680211,0.9995,0.16,0.51,0.04216635043485523,Healthy
0.9996,0.16,0.56,0.041309757585501594,0.9997,0.16,0.47,0.03730800234524521,0.9995,0.16,0.5,0.042518144978486716,Healthy
0.9996,0.17,0.63,0.04446839573199641,0.9997,0.16,0.69,0.041364080154956163,0.9996,0.15,0.53,0.0336371277799683,Healthy
0.9997,0.15,0.56,0.0363227139515721,0.9997,0.16,0.5,0.03913328196908435,0.9995,0.15,0.53,0.03691190932565465,Healthy
0.9997,0.14,0.48,0.031430957110055176,0.9997,0.17,0.53,0.04048415569230448,0.9995,0.16,0.5,0.04086579116313984,Healthy
0.9997,0.15,0.71,0.039481057517660685,0.9996,0.17,0.63,0.04515203099588215,0.9996,0.14,0.56,0.03047650267399425,Healthy
0.9997,0.16,0.65,0.040124250084367326,0.9997,0.15,0.58,0.0376400496191517,0.9996,0.14,0.49,0.03555506475411608,Healthy
0.9997,0.16,0.61,0.03960328934887598,0.9997,0.14,0.76,0.033397198032287606,0.9996,0.15,0.51,0.032076874288025886,Healthy
0.9996,0.17,0.75,0.04553836448877643,0.9997,0.16,0.56,0.04061225853920566,0.9994,0.17,0.53,0.04421855019992417,Healthy
0.9997,0.15,0.56,0.03491025464899412,0.9997,0.16,0.54,0.03939877301656488,0.9995,0.15,0.57,0.03635460521244073,Healthy
0.9996,0.17,0.79,0.044024532150644925,0.9997,0.16,0.64,0.0408988764743269,0.9995,0.15,0.63,0.0357193970004409,Healthy
0.9996,0.16,0.89,0.04584244193697799,0.9997,0.16,0.5,0.037091962110527184,0.9995,0.17,0.51,0.040863289687880396,Healthy
0.9997,0.16,0.59,0.03949437524094519,0.9996,0.17,0.53,0.04228626036382659,0.9994,0.18,0.52,0.050993709724083854,Healthy
0.9996,0.17,0.48,0.042714256789055216,0.9997,0.16,0.63,0.038558159749258455,0.9995,0.16,0.54,0.04108790263169276,Healthy
0.9996,0.17,0.52,0.045280790473800195,0.9996,0.16,0.72,0.04179823710465131,0.9995,0.16,0.6,0.04174445075864194,Healthy
0.9996,0.17,0.54,0.042902265706794465,0.9997,0.15,0.63,0.03815619187729889,0.9995,0.15,0.48,0.036438705749409016,Healthy
0.9997,0.15,0.48,0.03528142217000192,0.9996,0.18,0.52,0.047121929325125364,0.9995,0.16,0.49,0.03989393255262555,Healthy
0.9996,0.17,0.69,0.04553379031249803,0.9996,0.18,0.58,0.04702332924856023,0.9995,0.16,0.5,0.03540725206650455,Healthy
0.9997,0.15,0.61,0.03781063348423756,0.9997,0.15,0.51,0.0343473557542322,0.9994,0.17,0.69,0.04592889714263203,Healthy
0.9997,0.16,0.61,0.0388243671485082,0.9997,0.15,0.68,0.03850863027428751,0.9994,0.17,0.63,0.04776400330925844,Healthy
0.9997,0.16,0.61,0.04096000807065412,0.9997,0.16,0.56,0.04104775567912757,0.9995,0.17,0.53,0.042444624348942556,Healthy
0.9997,0.16,0.52,0.037719479314416264,0.9997,0.15,0.61,0.0363429251321666,0.9996,0.13,0.46,0.029076573444108182,Healthy
0.9996,0.17,0.54,0.04614899674404159,0.9997,0.15,0.77,0.03470973205012787,0.9995,0.15,0.49,0.035713612238402304,Healthy
0.9997,0.15,0.63,0.035483385080093716,0.9997,0.14,0.58,0.0314118150185869,0.9994,0.18,0.58,0.04871643666914357,Healthy
0.9997,0.16,0.58,0.040260206458099385,0.9997,0.16,0.5,0.041163263817784956,0.9995,0.15,0.7,0.03673911331756828,Healthy
0.9997,0.15,0.59,0.03661237125646022,0.9997,0.16,0.58,0.040487864070431354,0.9993,0.19,0.74,0.058975856356556514,Healthy
0.9997,0.15,0.51,0.03682378624350561,0.9997,0.15,0.47,0.03500633677893597,0.9995,0.15,0.57,0.0370460288248844,Healthy
0.9997,0.15,0.59,0.03727863897377354,0.9997,0.16,0.53,0.03910105523072647,0.9996,0.15,0.6,0.036737338075893376,Healthy
0.9996,0.16,0.56,0.04091266566819832,0.9997,0.16,0.66,0.04023069754958699,0.9995,0.15,0.6,0.0380832270190371,Healthy
0.9997,0.16,0.74,0.03923063669640061,0.9996,0.17,0.67,0.04562100310607242,0.9996,0.15,0.47,0.03346961755357523,Healthy
0.9997,0.15,0.54,0.03493491640200688,0.9997,0.16,0.61,0.036764882201660506,0.9995,0.16,0.56,0.039879716238520664,Healthy
0.9997,0.15,0.56,0.03412923253047718,0.9996,0.17,0.66,0.04364939592315054,0.9994,0.18,0.62,0.04697107595552006,Healthy
0.9997,0.16,0.58,0.040802276064777016,0.9997,0.15,0.55,0.037717422287909086,0.9993,0.19,0.6,0.05522245794244157,Healthy
0.9996,0.17,0.61,0.044850460917288185,0.9997,0.16,0.71,0.03952206966909787,0.9995,0.15,0.54,0.03805862409379153,Healthy
0.9997,0.15,0.54,0.03782676021531652,0.9997,0.16,0.6,0.03805275417408527,0.9995,0.17,0.62,0.04485713566131616,Healthy
0.9997,0.16,0.51,0.038088602800621534,0.9997,0.16,0.65,0.041072306508439856,0.9995,0.15,0.61,0.037841290473681136,Healthy
1.0,0.0,0.0,0.0,0.886,4.52,10.75,13.398925807102545,1.0,0.0,0.0,0.0,Winding Deformation
1.0,0.0,0.0,0.0,0.8251,5.67,13.49,21.107849327975124,1.0,0.0,0.0,0.0,Winding Deformation
1.0,0.0,0.0,0.0,0.8537,5.18,12.32,17.62019664406265,1.0,0.0,0.0,0.0,Winding Deformation
1.0,0.0,0.0,0.0,0.7993,6.17,14.66,24.952377287595468,1.0,0.0,0.0,0.0,Winding Deformation
1.0,0.0,0.0,0.0,0.9696,2.3,5.48,3.482586664448868,1.0,0.0,0.0,0.0,Winding Deformation
1.0,0.0,0.0,0.0,0.9197,3.76,8.94,9.276718323556612,1.0,0.0,0.0,0.0,Winding Deformation
1.0,0.0,0.0,0.0,0.9152,3.87,9.21,9.852472382057416,1.0,0.0,0.0,0.0,Winding Deformation
1.0,0.0,0.0,0.0,0.8898,4.43,10.54,12.89155787068571,1.0,0.0,0.0,0.0,Winding Deformation
1.0,0.0,0.0,0.0,0.8523,5.17,12.3,17.568032379598716,1.0,0.0,0.0,0.0,Winding Deformation
1.0,0.0,0.0,0.0,0.9759,2.08,4.96,2.8524798578277313,1.0,0.0,0.0,0.0,Winding Deformation
1.0,0.0,0.0,0.0,0.8512,5.2,12.38,17.771333008275736,1.0,0.0,0.0,0.0,Winding Deformation
1.0,0.0,0.0,0.0,0.8401,5.41,12.87,19.22056804148787,1.0,0.0,0.0,0.0,Winding Deformation
1.0,0.0,0.0,0.0,0.9871,1.53,3.63,1.5291491007874425,1.0,0.0,0.0,0.0,Winding Deformation
1.0,0.0,0.0,0.0,0.856,5.13,12.2,17.265273474164278,1.0,0.0,0.0,0.0,Winding Deformation
1.0,0.0,0.0,0.0,0.9706,2.29,5.45,3.452126724105055,1.0,0.0,0.0,0.0,Winding Deformation
1.0,0.0,0.0,0.0,0.9063,4.09,9.73,10.976453912836233,1.0,0.0,0.0,0.0,Winding Deformation
1.0,0.0,0.0,0.0,0.9786,1.93,4.58,2.434533366902498,1.0,0.0,0.0,0.0,Winding Deformation
1.0,0.0,0.0,0.0,0.9816,1.8,4.28,2.121373687621609,1.0,0.0,0.0,0.0,Winding Deformation
1.0,0.0,0.0,0.0,0.9735,2.15,5.12,3.0395413701381995,1.0,0.0,0.0,0.0,Winding Deformation
1.0,0.0,0.0,0.0,0.9853,1.62,3.84,1.7130041699459155,1.0,0.0,0.0,0.0,Winding Deformation
1.0,0.0,0.0,0.0,0.937,3.32,7.89,7.2234959418906595,1.0,0.0,0.0,0.0,Winding Deformation
1.0,0.0,0.0,0.0,0.8098,6.0,14.26,23.594180770183872,1.0,0.0,0.0,0.0,Winding Deformation
1.0,0.0,0.0,0.0,0.9199,3.73,8.88,9.154233378642058,1.0,0.0,0.0,0.0,Winding Deformation
1.0,0.0,0.0,0.0,0.9601,2.66,6.34,4.658045006130885,1.0,0.0,0.0,0.0,Winding Deformation
1.0,0.0,0.0,0.0,0.9103,3.95,9.4,10.260952689079058,1.0,0.0,0.0,0.0,Winding Deformation
1.0,0.0,0.0,0.0,0.8629,4.97,11.82,16.201413052451485,1.0,0.0,0.0,0.0,Winding Deformation
1.0,0.0,0.0,0.0,0.9814,1.83,4.35,2.19284798770488,1.0,0.0,0.0,0.0,Winding Deformation
1.0,0.0,0.0,0.0,0.805,6.12,14.56,24.593772074178197,1.0,0.0,0.0,0.0,Winding Deformation
1.0,0.0,0.0,0.0,0.8476,5.25,12.48,18.07288056493486,1.0,0.0,0.0,0.0,Winding Deformation
1.0,0.0,0.0,0.0,0.8346,5.53,13.15,20.058802222116537,1.0,0.0,0.0,0.0,Winding Deformation
1.0,0.0,0.0,0.0,0.9884,1.43,3.41,1.3507206837304182,1.0,0.0,0.0,0.0,Winding Deformation
1.0,0.0,0.0,0.0,0.9003,4.16,9.9,11.379691268204342,1.0,0.0,0.0,0.0,Winding Deformation
1.0,0.0,0.0,0.0,0.8133,5.91,14.06,22.94241007833182,1.0,0.0,0.0,0.0,Winding Deformation
1.0,0.0,0.0,0.0,0.8592,5.04,11.98,16.652543327965475,1.0,0.0,0.0,0.0,Winding Deformation
1.0,0.0,0.0,0.0,0.9881,1.46,3.48,1.4080181901582556,1.0,0.0,0.0,0.0,Winding Deformation
1.0,0.0,0.0,0.0,0.9806,1.86,4.43,2.2805629295006065,1.0,0.0,0.0,0.0,Winding Deformation
1.0,0.0,0.0,0.0,0.9737,2.16,5.13,3.0527256676091206,1.0,0.0,0.0,0.0,Winding Deformation
1.0,0.0,0.0,0.0,0.8076,6.04,14.38,23.98281774048893,1.0,0.0,0.0,0.0,Winding Deformation
1.0,0.0,0.0,0.0,0.9859,1.58,3.76,1.641733299967598,1.0,0.0,0.0,0.0,Winding Deformation
1.0,0.0,0.0,0.0,0.881,4.6,10.95,13.909873032115957,1.0,0.0,0.0,0.0,Winding Deformation
1.0,0.0,0.0,0.0,0.9782,1.96,4.65,2.5129695732082844,1.0,0.0,0.0,0.0,Winding Deformation
1.0,0.0,0.0,0.0,0.887,4.48,10.67,13.200018827315553,1.0,0.0,0.0,0.0,Winding Deformation
1.0,0.0,0.0,0.0,0.8978,4.25,10.12,11.876963368890365,1.0,0.0,0.0,0.0,Winding Deformation
1.0,0.0,0.0,0.0,0.8196,5.78,13.76,21.956012046233305,1.0,0.0,0.0,0.0,Winding Deformation
1.0,0.0,0.0,0.0,0.9811,1.83,4.35,2.193031748591325,1.0,0.0,0.0,0.0,Winding Deformation
1.0,0.0,0.0,0.0,0.9805,1.86,4.43,2.28212964813207,1.0,0.0,0.0,0.0,Winding Deformation
1.0,0.0,0.0,0.0,0.8629,4.97,11.83,16.230167291910043,1.0,0.0,0.0,0.0,Winding Deformation
1.0,0.0,0.0,0.0,0.9349,3.4,8.09,7.590395435425729,1.0,0.0,0.0,0.0,Winding Deformation
1.0,0.0,0.0,0.0,0.973,2.19,5.2,3.134140049954856,1.0,0.0,0.0,0.0,Winding Deformation
1.0,0.0,0.0,0.0,0.9172,3.82,9.08,9.558937496467824,1.0,0.0,0.0,0.0,Winding Deformation
1.0,0.0,0.0,0.0,0.8189,5.8,13.79,22.081052453455296,1.0,0.0,0.0,0.0,Winding Deformation
1.0,0.0,0.0,0.0,0.9121,3.95,9.39,10.222890677951028,1.0,0.0,0.0,0.0,Winding Deformation
1.0,0.0,0.0,0.0,0.8596,5.09,12.1,16.99229254200339,1.0,0.0,0.0,0.0,Winding Deformation
1.0,0.0,0.0,0.0,0.8027,6.14,14.61,24.763013145048426,1.0,0.0,0.0,0.0,Winding Deformation
1.0,0.0,0.0,0.0,0.9679,2.37,5.63,3.684237807001107,1.0,0.0,0.0,0.0,Winding Deformation
1.0,0.0,0.0,0.0,0.8137,5.79,13.78,22.02614640518678,1.0,0.0,0.0,0.0,Winding Deformation
1.0,0.0,0.0,0.0,0.9208,3.71,8.83,9.057593168462088,1.0,0.0,0.0,0.0,Winding Deformation
1.0,0.0,0.0,0.0,0.855,5.13,12.2,17.27608464560474,1.0,0.0,0.0,0.0,Winding Deformation
1.0,0.0,0.0,0.0,0.9547,2.82,6.7,5.20356971801739,1.0,0.0,0.0,0.0,Winding Deformation
1.0,0.0,0.0,0.0,0.8671,4.91,11.67,15.797554150377614,1.0,0.0,0.0,0.0,Winding Deformation
1.0,0.0,0.0,0.0,0.9321,3.48,8.28,7.953039888420894,1.0,0.0,0.0,0.0,Winding Deformation
1.0,0.0,0.0,0.0,0.8246,5.69,13.53,21.241319164485223,1.0,0.0,0.0,0.0,Winding Deformation
1.0,0.0,0.0,0.0,0.9757,2.08,4.94,2.8321799128629443,1.0,0.0,0.0,0.0,Winding Deformation
1.0,0.0,0.0,0.0,0.9248,3.67,8.73,8.844863745645084,1.0,0.0,0.0,0.0,Winding Deformation
1.0,0.0,0.0,0.0,0.9728,2.19,5.21,3.150921344606574,1.0,0.0,0.0,0.0,Winding Deformation
1.0,0.0,0.0,0.0,0.974,2.15,5.11,3.0271352550997905,1.0,0.0,0.0,0.0,Winding Deformation
1.0,0.0,0.0,0.0,0.8206,5.83,13.86,22.285921393988218,1.0,0.0,0.0,0.0,Winding Deformation
1.0,0.0,0.0,0.0,0.9863,1.57,3.74,1.6189510516707752,1.0,0.0,0.0,0.0,Winding Deformation
1.0,0.0,0.0,0.0,0.8598,5.03,11.97,16.618996372765743,1.0,0.0,0.0,0.0,Winding Deformation
1.0,0.0,0.0,0.0,0.9905,1.3,3.08,1.103886425270066,1.0,0.0,0.0,0.0,Winding Deformation
1.0,0.0,0.0,0.0,0.9086,4.03,9.58,10.642037594510247,1.0,0.0,0.0,0.0,Winding Deformation
1.0,0.0,0.0,0.0,0.9414,3.18,7.57,6.648920878040664,1.0,0.0,0.0,0.0,Winding Deformation
1.0,0.0,0.0,0.0,0.8284,5.68,13.52,21.21171067564694,1.0,0.0,0.0,0.0,Winding Deformation
1.0,0.0,0.0,0.0,0.8843,4.55,10.81,13.565947493273397,1.0,0.0,0.0,0.0,Winding Deformation
1.0,0.0,0.0,0.0,0.9749,2.11,5.01,2.9118880569748544,1.0,0.0,0.0,0.0,Winding Deformation
1.0,0.0,0.0,0.0,0.8078,6.07,14.44,24.210946734096286,1.0,0.0,0.0,0.0,Winding Deformation
1.0,0.0,0.0,0.0,0.9685,2.34,5.57,3.603730565175001,1.0,0.0,0.0,0.0,Winding Deformation
1.0,0.0,0.0,0.0,0.8816,4.61,10.97,13.967059157813015,1.0,0.0,0.0,0.0,Winding Deformation
1.0,0.0,0.0,0.0,0.799,6.19,14.71,25.121522626173746,1.0,0.0,0.0,0.0,Winding Deformation
1.0,0.0,0.0,0.0,0.8696,4.83,11.48,15.288898413378046,1.0,0.0,0.0,0.0,Winding Deformation
1.0,0.0,0.0,0.0,0.8206,5.79,13.76,21.97295622486509,1.0,0.0,0.0,0.0,Winding Deformation
1.0,0.0,0.0,0.0,0.9492,2.96,7.04,5.747412683932195,1.0,0.0,0.0,0.0,Winding Deformation
1.0,0.0,0.0,0.0,0.9333,3.42,8.14,7.680876758081223,1.0,0.0,0.0,0.0,Winding Deformation
1.0,0.0,0.0,0.0,0.859,5.02,11.95,16.557318010146986,1.0,0.0,0.0,0.0,Winding Deformation
1.0,0.0,0.0,0.0,0.9711,2.26,5.37,3.3448159956363273,1.0,0.0,0.0,0.0,Winding Deformation
1.0,0.0,0.0,0.0,0.812,5.94,14.14,23.195582849351464,1.0,0.0,0.0,0.0,Winding Deformation
1.0,0.0,0.0,0.0,0.797,6.25,14.85,25.598872701420785,1.0,0.0,0.0,0.0,Winding Deformation
1.0,0.0,0.0,0.0,0.802,6.14,14.61,24.770020141697035,1.0,0.0,0.0,0.0,Winding Deformation
1.0,0.0,0.0,0.0,0.8313,5.61,13.34,20.65818638915425,1.0,0.0,0.0,0.0,Winding Deformation
1.0,0.0,0.0,0.0,0.9708,2.27,5.4,3.378196376693772,1.0,0.0,0.0,0.0,Winding Deformation
1.0,0.0,0.0,0.0,0.8465,5.33,12.68,18.64889782684901,1.0,0.0,0.0,0.0,Winding Deformation
1.0,0.0,0.0,0.0,0.9396,3.27,7.79,7.036287934296781,1.0,0.0,0.0,0.0,Winding Deformation
1.0,0.0,0.0,0.0,0.9885,1.44,3.43,1.3619430444169396,1.0,0.0,0.0,0.0,Winding Deformation
1.0,0.0,0.0,0.0,0.909,3.99,9.49,10.446942353966223,1.0,0.0,0.0,0.0,Winding Deformation
1.0,0.0,0.0,0.0,0.8999,4.16,9.88,11.337852701666433,1.0,0.0,0.0,0.0,Winding Deformation
1.0,0.0,0.0,0.0,0.9722,2.22,5.27,3.228001594037657,1.0,0.0,0.0,0.0,Winding Deformation
1.0,0.0,0.0,0.0,0.8746,4.79,11.4,15.086970434930018,1.0,0.0,0.0,0.0,Winding Deformation
1.0,0.0,0.0,0.0,0.9106,3.98,9.47,10.396425267942897,1.0,0.0,0.0,0.0,Winding Deformation
1.0,0.0,0.0,0.0,0.9214,3.73,8.86,9.110370558967633,1.0,0.0,0.0,0.0,Winding Deformation
1.0,0.0,0.0,0.0,0.9464,3.07,7.3,6.190819924176736,1.0,0.0,0.0,0.0,Winding Deformation
1.0,0.0,0.0,0.0,1.0,0.0,0.0,0.0,0.9916,1.43,2.69,0.801689321248032,Insulation Degradation
1.0,0.0,0.0,0.0,1.0,0.0,0.0,0.0,0.9957,1.02,1.91,0.40442653637935944,Insulation Degradation
1.0,0.0,0.0,0.0,1.0,0.0,0.0,0.0,0.9972,0.82,1.54,0.26147199637334273,Insulation Degradation
1.0,0.0,0.0,0.0,1.0,0.0,0.0,0.0,0.9985,0.59,1.11,0.1362138833294219,Insulation Degradation
1.0,0.0,0.0,0.0,1.0,0.0,0.0,0.0,0.9859,1.93,3.62,1.4563825531086818,Insulation Degradation
1.0,0.0,0.0,0.0,1.0,0.0,0.0,0.0,0.9935,1.26,2.36,0.616578844419276,Insulation Degradation
1.0,0.0,0.0,0.0,1.0,0.0,0.0,0.0,0.9856,1.96,3.69,1.5057972178293568,Insulation Degradation
1.0,0.0,0.0,0.0,1.0,0.0,0.0,0.0,0.9898,1.59,3.0,0.9951804335866526,Insulation Degradation
1.0,0.0,0.0,0.0,1.0,0.0,0.0,0.0,0.9934,1.28,2.4,0.638509788638033,Insulation Degradation
1.0,0.0,0.0,0.0,1.0,0.0,0.0,0.0,0.9767,2.53,4.74,2.4955629555024315,Insulation Degradation
1.0,0.0,0.0,0.0,1.0,0.0,0.0,0.0,0.9935,1.26,2.38,0.6256342820623458,Insulation Degradation
1.0,0.0,0.0,0.0,1.0,0.0,0.0,0.0,0.9801,2.31,4.34,2.083726374103578,Insulation Degradation
1.0,0.0,0.0,0.0,1.0,0.0,0.0,0.0,0.99,1.61,3.02,1.0098117935858175,Insulation Degradation
1.0,0.0,0.0,0.0,1.0,0.0,0.0,0.0,0.9957,1.01,1.9,0.40169714982581595,Insulation Degradation
1.0,0.0,0.0,0.0,1.0,0.0,0.0,0.0,0.9781,2.42,4.54,2.283146274172919,Insulation Degradation
1.0,0.0,0.0,0.0,1.0,0.0,0.0,0.0,0.9984,0.62,1.16,0.14842167455386582,Insulation Degradation
1.0,0.0,0.0,0.0,1.0,0.0,0.0,0.0,0.9815,2.22,4.17,1.9255514078739813,Insulation Degradation
1.0,0.0,0.0,0.0,1.0,0.0,0.0,0.0,0.994,1.21,2.27,0.5729283044953649,Insulation Degradation
1.0,0.0,0.0,0.0,1.0,0.0,0.0,0.0,0.9877,1.78,3.34,1.2341628589853488,Insulation Degradation
1.0,0.0,0.0,0.0,1.0,0.0,0.0,0.0,0.9794,2.35,4.41,2.157443516516083,Insulation Degradation
1.0,0.0,0.0,0.0,1.0,0.0,0.0,0.0,0.9754,2.63,4.95,2.716392016941587,Insulation Degradation
1.0,0.0,0.0,0.0,1.0,0.0,0.0,0.0,0.9768,2.51,4.72,2.4691476130624372,Insulation Degradation
1.0,0.0,0.0,0.0,1.0,0.0,0.0,0.0,0.9968,0.87,1.63,0.29410372657782985,Insulation Degradation
1.0,0.0,0.0,0.0,1.0,0.0,0.0,0.0,0.9975,0.76,1.43,0.22732461752711794,Insulation Degradation
1.0,0.0,0.0,0.0,1.0,0.0,0.0,0.0,0.985,1.97,3.7,1.519025087114482,Insulation Degradation
1.0,0.0,0.0,0.0,1.0,0.0,0.0,0.0,0.9966,0.9,1.69,0.31834076519704824,Insulation Degradation
1.0,0.0,0.0,0.0,1.0,0.0,0.0,0.0,0.9831,2.11,3.96,1.7364085465898573,Insulation Degradation
1.0,0.0,0.0,0.0,1.0,0.0,0.0,0.0,0.9881,1.75,3.29,1.199217871555377,Insulation Degradation
1.0,0.0,0.0,0.0,1.0,0.0,0.0,0.0,0.9941,1.19,2.24,0.5576149130276059,Insulation Degradation
1.0,0.0,0.0,0.0,1.0,0.0,0.0,0.0,0.9908,1.52,2.86,0.9064276354155772,Insulation Degradation
1.0,0.0,0.0,0.0,1.0,0.0,0.0,0.0,0.9933,1.27,2.4,0.635992180921674,Insulation Degradation
1.0,0.0,0.0,0.0,1.0,0.0,0.0,0.0,0.9799,2.34,4.39,2.1368676782399203,Insulation Degradation
1.0,0.0,0.0,0.0,1.0,0.0,0.0,0.0,0.9827,2.17,4.07,1.8351645104467658,Insulation Degradation
1.0,0.0,0.0,0.0,1.0,0.0,0.0,0.0,0.9983,0.63,1.18,0.1538713888503374,Insulation Degradation
1.0,0.0,0.0,0.0,1.0,0.0,0.0,0.0,0.9983,0.63,1.18,0.15492042486994256,Insulation Degradation
1.0,0.0,0.0,0.0,1.0,0.0,0.0,0.0,0.997,0.84,1.57,0.2732188508347819,Insulation Degradation
1.0,0.0,0.0,0.0,1.0,0.0,0.0,0.0,0.9811,2.22,4.17,1.9271755520331426,Insulation Degradation
1.0,0.0,0.0,0.0,1.0,0.0,0.0,0.0,0.9881,1.75,3.28,1.1923154543782546,Insulation Degradation
1.0,0.0,0.0,0.0,1.0,0.0,0.0,0.0,0.9952,1.09,2.04,0.46267456727268713,Insulation Degradation
1.0,0.0,0.0,0.0,1.0,0.0,0.0,0.0,0.9955,1.05,1.97,0.4282628513755372,Insulation Degradation
1.0,0.0,0.0,0.0,1.0,0.0,0.0,0.0,0.9786,2.44,4.58,2.3290338320992072,Insulation Degradation
1.0,0.0,0.0,0.0,1.0,0.0,0.0,0.0,0.9882,1.74,3.26,1.1806701528939285,Insulation Degradation
1.0,0.0,0.0,0.0,1.0,0.0,0.0,0.0,0.9922,1.42,2.66,0.7853019250799358,Insulation Degradation
1.0,0.0,0.0,0.0,1.0,0.0,0.0,0.0,0.9948,1.11,2.09,0.48516135276827327,Insulation Degradation
1.0,0.0,0.0,0.0,1.0,0.0,0.0,0.0,0.9955,1.04,1.95,0.4208253539671639,Insulation Degradation
1.0,0.0,0.0,0.0,1.0,0.0,0.0,0.0,0.9987,0.55,1.03,0.11843644194804552,Insulation Degradation
1.0,0.0,0.0,0.0,1.0,0.0,0.0,0.0,0.9886,1.71,3.22,1.1480967166489362,Insulation Degradation
1.0,0.0,0.0,0.0,1.0,0.0,0.0,0.0,0.986,1.92,3.6,1.4356280352478163,Insulation Degradation
1.0,0.0,0.0,0.0,1.0,0.0,0.0,0.0,0.978,2.44,4.59,2.3358341645003824,Insulation Degradation
1.0,0.0,0.0,0.0,1.0,0.0,0.0,0.0,0.9758,2.57,4.84,2.5937798318284653,Insulation Degradation
1.0,0.0,0.0,0.0,1.0,0.0,0.0,0.0,0.9983,0.62,1.17,0.15269509201686735,Insulation Degradation
1.0,0.0,0.0,0.0,1.0,0.0,0.0,0.0,0.9909,1.52,2.86,0.908160327998315,Insulation Degradation
1.0,0.0,0.0,0.0,1.0,0.0,0.0,0.0,0.975,2.64,4.96,2.725706606414791,Insulation Degradation
1.0,0.0,0.0,0.0,1.0,0.0,0.0,0.0,0.9906,1.52,2.86,0.9078046304769355,Insulation Degradation
1.0,0.0,0.0,0.0,1.0,0.0,0.0,0.0,0.9838,2.05,3.86,1.6526469825018637,Insulation Degradation
1.0,0.0,0.0,0.0,1.0,0.0,0.0,0.0,0.997,0.85,1.59,0.2805076294331828,Insulation Degradation
1.0,0.0,0.0,0.0,1.0,0.0,0.0,0.0,0.9785,2.42,4.54,2.2876147970850806,Insulation Degradation
1.0,0.0,0.0,0.0,1.0,0.0,0.0,0.0,0.9959,1.01,1.9,0.4012814072350451,Insulation Degradation
1.0,0.0,0.0,0.0,1.0,0.0,0.0,0.0,0.9907,1.53,2.87,0.9117938828283839,Insulation Degradation
1.0,0.0,0.0,0.0,1.0,0.0,0.0,0.0,0.9792,2.39,4.49,2.2308519456257776,Insulation Degradation
1.0,0.0,0.0,0.0,1.0,0.0,0.0,0.0,0.9843,2.02,3.8,1.6047502666654316,Insulation Degradation
1.0,0.0,0.0,0.0,1.0,0.0,0.0,0.0,0.9802,2.3,4.32,2.07290347572351,Insulation Degradation
1.0,0.0,0.0,0.0,1.0,0.0,0.0,0.0,0.976,2.58,4.85,2.6063578847407167,Insulation Degradation
1.0,0.0,0.0,0.0,1.0,0.0,0.0,0.0,0.9966,0.91,1.71,0.32541504602817306,Insulation Degradation
1.0,0.0,0.0,0.0,1.0,0.0,0.0,0.0,0.9986,0.57,1.07,0.12630481357637463,Insulation Degradation
1.0,0.0,0.0,0.0,1.0,0.0,0.0,0.0,0.9812,2.23,4.19,1.9470140601789043,Insulation Degradation
1.0,0.0,0.0,0.0,1.0,0.0,0.0,0.0,0.9967,0.9,1.69,0.3163935695985632,Insulation Degradation
1.0,0.0,0.0,0.0,1.0,0.0,0.0,0.0,0.99,1.61,3.03,1.0185006343638634,Insulation Degradation
1.0,0.0,0.0,0.0,1.0,0.0,0.0,0.0,0.9809,2.22,4.18,1.9361130708977208,Insulation Degradation
1.0,0.0,0.0,0.0,1.0,0.0,0.0,0.0,0.9943,1.18,2.22,0.544166893105941,Insulation Degradation
1.0,0.0,0.0,0.0,1.0,0.0,0.0,0.0,0.9912,1.49,2.8,0.869159241145069,Insulation Degradation
1.0,0.0,0.0,0.0,1.0,0.0,0.0,0.0,0.9766,2.56,4.8,2.5568369599343472,Insulation Degradation
1.0,0.0,0.0,0.0,1.0,0.0,0.0,0.0,0.9927,1.34,2.52,0.7034008966225599,Insulation Degradation
1.0,0.0,0.0,0.0,1.0,0.0,0.0,0.0,0.9875,1.81,3.39,1.2775795164995136,Insulation Degradation
1.0,0.0,0.0,0.0,1.0,0.0,0.0,0.0,0.9889,1.69,3.17,1.112047334667081,Insulation Degradation
1.0,0.0,0.0,0.0,1.0,0.0,0.0,0.0,0.9913,1.47,2.76,0.8431101056346114,Insulation Degradation
1.0,0.0,0.0,0.0,1.0,0.0,0.0,0.0,0.9958,1.0,1.88,0.3900300136961629,Insulation Degradation
1.0,0.0,0.0,0.0,1.0,0.0,0.0,0.0,0.9916,1.44,2.71,0.8137444986016564,Insulation Degradation
1.0,0.0,0.0,0.0,1.0,0.0,0.0,0.0,0.9848,1.99,3.73,1.546640011426071,Insulation Degradation
1.0,0.0,0.0,0.0,1.0,0.0,0.0,0.0,0.9861,1.91,3.59,1.429898008998849,Insulation Degradation
1.0,0.0,0.0,0.0,1.0,0.0,0.0,0.0,0.9888,1.69,3.17,1.116626495241416,Insulation Degradation
1.0,0.0,0.0,0.0,1.0,0.0,0.0,0.0,0.9909,1.51,2.84,0.8933334281797337,Insulation Degradation
1.0,0.0,0.0,0.0,1.0,0.0,0.0,0.0,0.9958,1.02,1.91,0.40540442219407274,Insulation Degradation
1.0,0.0,0.0,0.0,1.0,0.0,0.0,0.0,0.997,0.85,1.59,0.28049772607592316,Insulation Degradation
1.0,0.0,0.0,0.0,1.0,0.0,0.0,0.0,0.9875,1.79,3.36,1.2490116188215503,Insulation Degradation
1.0,0.0,0.0,0.0,1.0,0.0,0.0,0.0,0.981,2.24,4.21,1.9612909786132633,Insulation Degradation
1.0,0.0,0.0,0.0,1.0,0.0,0.0,0.0,0.977,2.5,4.7,2.451132068749832,Insulation Degradation
1.0,0.0,0.0,0.0,1.0,0.0,0.0,0.0,0.9851,1.98,3.71,1.52665058788443,Insulation Degradation
1.0,0.0,0.0,0.0,1.0,0.0,0.0,0.0,0.9966,0.89,1.67,0.3094498611002103,Insulation Degradation
1.0,0.0,0.0,0.0,1.0,0.0,0.0,0.0,0.9851,2.0,3.76,1.5663471503234574,Insulation Degradation
1.0,0.0,0.0,0.0,1.0,0.0,0.0,0.0,0.9931,1.29,2.42,0.6486284926011419,Insulation Degradation
1.0,0.0,0.0,0.0,1.0,0.0,0.0,0.0,0.9873,1.8,3.39,1.2729931713696343,Insulation Degradation
1.0,0.0,0.0,0.0,1.0,0.0,0.0,0.0,0.975,2.64,4.96,2.7275204226420704,Insulation Degradation
1.0,0.0,0.0,0.0,1.0,0.0,0.0,0.0,0.9985,0.6,1.13,0.14071715734954926,Insulation Degradation
1.0,0.0,0.0,0.0,1.0,0.0,0.0,0.0,0.998,0.69,1.3,0.18775758890358954,Insulation Degradation
1.0,0.0,0.0,0.0,1.0,0.0,0.0,0.0,0.9782,2.47,4.64,2.382186352218202,Insulation Degradation
1.0,0.0,0.0,0.0,1.0,0.0,0.0,0.0,0.9987,0.56,1.05,0.1230224397068949,Insulation Degradation
1.0,0.0,0.0,0.0,1.0,0.0,0.0,0.0,0.9905,1.53,2.88,0.9181682231934686,Insulation Degradation
1.0,0.0,0.0,0.0,1.0,0.0,0.0,0.0,0.9987,0.56,1.05,0.12190872476379327,Insulation Degradation
1.0,0.0,0.0,0.0,1.0,0.0,0.0,0.0,0.9826,2.16,4.07,1.8330735887911824,Insulation Degradation
0.9481,3.2,8.56,8.488799261207546,1.0,0.0,0.0,0.0,1.0,0.0,0.0,0.0,Core Displacement
0.6568,6.3,16.85,32.87422095415936,1.0,0.0,0.0,0.0,1.0,0.0,0.0,0.0,Core Displacement
0.9814,2.13,5.7,3.7636771306055055,1.0,0.0,0.0,0.0,1.0,0.0,0.0,0.0,Core Displacement
0.8706,4.45,11.9,16.396313070058905,1.0,0.0,0.0,0.0,1.0,0.0,0.0,0.0,Core Displacement
0.5455,6.98,18.68,40.42252920918488,1.0,0.0,0.0,0.0,1.0,0.0,0.0,0.0,Core Displacement
0.9293,3.57,9.55,10.57204832632154,1.0,0.0,0.0,0.0,1.0,0.0,0.0,0.0,Core Displacement
0.6597,6.26,16.76,32.541104134123465,1.0,0.0,0.0,0.0,1.0,0.0,0.0,0.0,Core Displacement
0.5853,6.82,18.24,38.54150244751531,1.0,0.0,0.0,0.0,1.0,0.0,0.0,0.0,Core Displacement
0.846,4.76,12.73,18.787723200917497,1.0,0.0,0.0,0.0,1.0,0.0,0.0,0.0,Core Displacement
0.905,3.98,10.66,13.16130964184583,1.0,0.0,0.0,0.0,1.0,0.0,0.0,0.0,Core Displacement
0.9771,2.32,6.21,4.4711042312026565,1.0,0.0,0.0,0.0,1.0,0.0,0.0,0.0,Core Displacement
0.9264,3.63,9.73,10.958231542999762,1.0,0.0,0.0,0.0,1.0,0.0,0.0,0.0,Core Displacement
0.5829,6.73,18.0,37.52844515240625,1.0,0.0,0.0,0.0,1.0,0.0,0.0,0.0,Core Displacement
0.9591,2.92,7.81,7.07166500010771,1.0,0.0,0.0,0.0,1.0,0.0,0.0,0.0,Core Displacement
0.4865,7.34,19.65,44.71345963977075,1.0,0.0,0.0,0.0,1.0,0.0,0.0,0.0,Core Displacement
0.9246,3.69,9.87,11.288091096671005,1.0,0.0,0.0,0.0,1.0,0.0,0.0,0.0,Core Displacement
0.5641,6.91,18.49,39.623682426872115,1.0,0.0,0.0,0.0,1.0,0.0,0.0,0.0,Core Displacement
0.9568,2.99,8.0,7.409730661076308,1.0,0.0,0.0,0.0,1.0,0.0,0.0,0.0,Core Displacement
0.5629,6.94,18.58,39.97487914167929,1.0,0.0,0.0,0.0,1.0,0.0,0.0,0.0,Core Displacement
0.9205,3.76,10.07,11.744547873553147,1.0,0.0,0.0,0.0,1.0,0.0,0.0,0.0,Core Displacement
0.9544,3.05,8.16,7.718285851110104,1.0,0.0,0.0,0.0,1.0,0.0,0.0,0.0,Core Displacement
0.5071,7.25,19.39,43.559110058609114,1.0,0.0,0.0,0.0,1.0,0.0,0.0,0.0,Core Displacement
0.8165,5.03,13.47,21.00686638885,1.0,0.0,0.0,0.0,1.0,0.0,0.0,0.0,Core Displacement
0.5453,7.04,18.85,41.145060821232704,1.0,0.0,0.0,0.0,1.0,0.0,0.0,0.0,Core Displacement
0.4769,7.46,19.96,46.1442817581071,1.0,0.0,0.0,0.0,1.0,0.0,0.0,0.0,Core Displacement
0.5251,7.17,19.2,42.698949685692085,1.0,0.0,0.0,0.0,1.0,0.0,0.0,0.0,Core Displacement
0.9739,2.43,6.51,4.904838617138296,1.0,0.0,0.0,0.0,1.0,0.0,0.0,0.0,Core Displacement
0.8813,4.29,11.48,15.260148582564373,1.0,0.0,0.0,0.0,1.0,0.0,0.0,0.0,Core Displacement
0.8536,4.65,12.44,17.93641123926423,1.0,0.0,0.0,0.0,1.0,0.0,0.0,0.0,Core Displacement
0.8678,4.47,11.95,16.55287523785095,1.0,0.0,0.0,0.0,1.0,0.0,0.0,0.0,Core Displacement
0.9295,3.59,9.62,10.71119961174701,1.0,0.0,0.0,0.0,1.0,0.0,0.0,0.0,Core Displacement
0.8888,4.24,11.34,14.895341484566032,1.0,0.0,0.0,0.0,1.0,0.0,0.0,0.0,Core Displacement
0.6346,6.46,17.3,34.66185214403302,1.0,0.0,0.0,0.0,1.0,0.0,0.0,0.0,Core Displacement
0.8025,5.14,13.75,21.89580698064219,1.0,0.0,0.0,0.0,1.0,0.0,0.0,0.0,Core Displacement
0.6226,6.51,17.41,35.12281543662894,1.0,0.0,0.0,0.0,1.0,0.0,0.0,0.0,Core Displacement
0.7842,5.32,14.24,23.502391159704793,1.0,0.0,0.0,0.0,1.0,0.0,0.0,0.0,Core Displacement
0.9739,2.43,6.51,4.9084176305741085,1.0,0.0,0.0,0.0,1.0,0.0,0.0,0.0,Core Displacement
0.9651,2.74,7.34,6.247678711226695,1.0,0.0,0.0,0.0,1.0,0.0,0.0,0.0,Core Displacement
0.6692,6.19,16.57,31.818046677681497,1.0,0.0,0.0,0.0,1.0,0.0,0.0,0.0,Core Displacement
0.9639,2.8,7.49,6.502633122053074,1.0,0.0,0.0,0.0,1.0,0.0,0.0,0.0,Core Displacement
0.8104,5.1,13.65,21.579554728302526,1.0,0.0,0.0,0.0,1.0,0.0,0.0,0.0,Core Displacement
0.963,2.82,7.53,6.575227921343298,1.0,0.0,0.0,0.0,1.0,0.0,0.0,0.0,Core Displacement
0.8527,4.67,12.49,18.074535438757287,1.0,0.0,0.0,0.0,1.0,0.0,0.0,0.0,Core Displacement
0.911,3.85,10.31,12.315941783454276,1.0,0.0,0.0,0.0,1.0,0.0,0.0,0.0,Core Displacement
0.7688,5.5,14.72,25.10292660216382,1.0,0.0,0.0,0.0,1.0,0.0,0.0,0.0,Core Displacement
0.571,6.83,18.28,38.70194752626182,1.0,0.0,0.0,0.0,1.0,0.0,0.0,0.0,Core Displacement
0.9541,3.07,8.22,7.824690064186256,1.0,0.0,0.0,0.0,1.0,0.0,0.0,0.0,Core Displacement
0.9441,3.29,8.81,9.000435102691918,1.0,0.0,0.0,0.0,1.0,0.0,0.0,0.0,Core Displacement
0.9623,2.81,7.53,6.570129240645933,1.0,0.0,0.0,0.0,1.0,0.0,0.0,0.0,Core Displacement
0.7438,5.64,15.08,26.34865367250358,1.0,0.0,0.0,0.0,1.0,0.0,0.0,0.0,Core Displacement
0.5072,7.3,19.53,44.199369593219416,1.0,0.0,0.0,0.0,1.0,0.0,0.0,0.0,Core Displacement
0.5626,6.92,18.52,39.74595293624319,1.0,0.0,0.0,0.0,1.0,0.0,0.0,0.0,Core Displacement
0.895,4.14,11.08,14.229198908444253,1.0,0.0,0.0,0.0,1.0,0.0,0.0,0.0,Core Displacement
0.7419,5.68,15.21,26.80389882391169,1.0,0.0,0.0,0.0,1.0,0.0,0.0,0.0,Core Displacement
0.9656,2.72,7.28,6.131419665173692,1.0,0.0,0.0,0.0,1.0,0.0,0.0,0.0,Core Displacement
0.9303,3.56,9.52,10.504391366759087,1.0,0.0,0.0,0.0,1.0,0.0,0.0,0.0,Core Displacement
0.8491,4.71,12.6,18.389965046420286,1.0,0.0,0.0,0.0,1.0,0.0,0.0,0.0,Core Displacement
0.8083,5.12,13.71,21.77333440497761,1.0,0.0,0.0,0.0,1.0,0.0,0.0,0.0,Core Displacement
0.9816,2.12,5.69,3.7441454143766895,1.0,0.0,0.0,0.0,1.0,0.0,0.0,0.0,Core Displacement
0.9578,2.95,7.9,7.237811400372864,1.0,0.0,0.0,0.0,1.0,0.0,0.0,0.0,Core Displacement
0.9794,2.24,5.99,4.1518913335695995,1.0,0.0,0.0,0.0,1.0,0.0,0.0,0.0,Core Displacement
0.6631,6.31,16.87,32.98138342438099,1.0,0.0,0.0,0.0,1.0,0.0,0.0,0.0,Core Displacement
0.9701,2.58,6.9,5.520394709234367,1.0,0.0,0.0,0.0,1.0,0.0,0.0,0.0,Core Displacement
0.766,5.46,14.61,24.71445312057614,1.0,0.0,0.0,0.0,1.0,0.0,0.0,0.0,Core Displacement
0.9712,2.54,6.79,5.3482138752906465,1.0,0.0,0.0,0.0,1.0,0.0,0.0,0.0,Core Displacement
0.4853,7.36,19.7,44.965971272197784,1.0,0.0,0.0,0.0,1.0,0.0,0.0,0.0,Core Displacement
0.9717,2.51,6.73,5.242003701892233,1.0,0.0,0.0,0.0,1.0,0.0,0.0,0.0,Core Displacement
0.9854,1.93,5.18,3.1047509133315265,1.0,0.0,0.0,0.0,1.0,0.0,0.0,0.0,Core Displacement
0.4693,7.46,19.96,46.16492241747768,1.0,0.0,0.0,0.0,1.0,0.0,0.0,0.0,Core Displacement
0.7535,5.62,15.03,26.17396822678681,1.0,0.0,0.0,0.0,1.0,0.0,0.0,0.0,Core Displacement
0.767,5.51,14.73,25.145788835180106,1.0,0.0,0.0,0.0,1.0,0.0,0.0,0.0,Core Displacement
0.8985,4.09,10.95,13.892336411109529,1.0,0.0,0.0,0.0,1.0,0.0,0.0,0.0,Core Displacement
0.9847,1.96,5.23,3.1742513567090964,1.0,0.0,0.0,0.0,1.0,0.0,0.0,0.0,Core Displacement
0.8314,4.84,12.96,19.469116312053398,1.0,0.0,0.0,0.0,1.0,0.0,0.0,0.0,Core Displacement
0.5668,6.94,18.57,39.93321430505076,1.0,0.0,0.0,0.0,1.0,0.0,0.0,0.0,Core Displacement
0.9856,1.91,5.1,3.0175890457720085,1.0,0.0,0.0,0.0,1.0,0.0,0.0,0.0,Core Displacement
0.7131,5.92,15.84,29.06797115873787,1.0,0.0,0.0,0.0,1.0,0.0,0.0,0.0,Core Displacement
0.9647,2.75,7.35,6.253212755528255,1.0,0.0,0.0,0.0,1.0,0.0,0.0,0.0,Core Displacement
0.7339,5.76,15.42,27.557047549022034,1.0,0.0,0.0,0.0,1.0,0.0,0.0,0.0,Core Displacement
0.5642,6.96,18.63,40.221280835365064,1.0,0.0,0.0,0.0,1.0,0.0,0.0,0.0,Core Displacement
0.9727,2.52,6.74,5.259089513634545,1.0,0.0,0.0,0.0,1.0,0.0,0.0,0.0,Core Displacement
0.9366,3.43,9.18,9.767634947707537,1.0,0.0,0.0,0.0,1.0,0.0,0.0,0.0,Core Displacement
0.9427,3.31,8.85,9.066390276310328,1.0,0.0,0.0,0.0,1.0,0.0,0.0,0.0,Core Displacement
0.9068,3.94,10.54,12.860800270317732,1.0,0.0,0.0,0.0,1.0,0.0,0.0,0.0,Core Displacement
0.9661,2.72,7.28,6.143248913913578,1.0,0.0,0.0,0.0,1.0,0.0,0.0,0.0,Core Displacement
0.6513,6.34,16.96,33.33491932165613,1.0,0.0,0.0,0.0,1.0,0.0,0.0,0.0,Core Displacement
0.6423,6.4,17.13,34.004323337426655,1.0,0.0,0.0,0.0,1.0,0.0,0.0,0.0,Core Displacement
0.8874,4.22,11.3,14.788474521967434,1.0,0.0,0.0,0.0,1.0,0.0,0.0,0.0,Core Displacement
0.7291,5.74,15.36,27.34030688840964,1.0,0.0,0.0,0.0,1.0,0.0,0.0,0.0,Core Displacement
0.8805,4.33,11.59,15.566913644687773,1.0,0.0,0.0,0.0,1.0,0.0,0.0,0.0,Core Displacement
0.7121,5.92,15.83,29.0307808929114,1.0,0.0,0.0,0.0,1.0,0.0,0.0,0.0,Core Displacement
0.8517,4.67,12.51,18.127668865229037,1.0,0.0,0.0,0.0,1.0,0.0,0.0,0.0,Core Displacement
0.7861,5.33,14.27,23.59727053736345,1.0,0.0,0.0,0.0,1.0,0.0,0.0,0.0,Core Displacement
0.9485,3.19,8.55,8.459488469066823,1.0,0.0,0.0,0.0,1.0,0.0,0.0,0.0,Core Displacement
0.7847,5.35,14.3,23.696571460491104,1.0,0.0,0.0,0.0,1.0,0.0,0.0,0.0,Core Displacement
0.9749,2.41,6.45,4.823970526246817,1.0,0.0,0.0,0.0,1.0,0.0,0.0,0.0,Core Displacement
0.7144,5.88,15.73,28.662656712891483,1.0,0.0,0.0,0.0,1.0,0.0,0.0,0.0,Core Displacement
0.8067,5.15,13.77,21.960505834258853,1.0,0.0,0.0,0.0,1.0,0.0,0.0,0.0,Core Displacement
0.6533,6.4,17.12,33.943679003189104,1.0,0.0,0.0,0.0,1.0,0.0,0.0,0.0,Core Displacement
0.9832,2.0,5.36,3.332395059613074,1.0,0.0,0.0,0.0,1.0,0.0,0.0,0.0,Core Displacement
